name,price,description,main_image_url,hover_image_url,is_new,stock,view_count,create_at,update_at,category_id,product_type_id
우전집 50g,70000,가장 먼저 딴 여린 차순을 말려낸 우전차입니다.,https://github.com/JeonSoohyun27/nocchaloc_product_image_data/blob/main/tea/tea-1.png?raw=true,https://github.com/JeonSoohyun27/nocchaloc_product_image_data/blob/main/hover/hover-1.png?raw=true,1,50,0,,,1,1
일로와 50g,170000,어린 차싹의 형상을 간직한 명차입니다.,https://github.com/JeonSoohyun27/nocchaloc_product_image_data/blob/main/tea/tea-2.png?raw=true,https://github.com/JeonSoohyun27/nocchaloc_product_image_data/blob/main/hover/hover-2.png?raw=true,1,50,0,,,1,1
우전집 50g(햇),70000,올해 중 가장 먼저 딴 여린 차순을 말려낸 우전차입니다.,https://github.com/JeonSoohyun27/nocchaloc_product_image_data/blob/main/tea/tea-3.png?raw=true,https://github.com/JeonSoohyun27/nocchaloc_product_image_data/blob/main/hover/hover-3.png?raw=true,1,50,0,,,1,1
홍우전집,30000, 붉고 진한 수색과 풍부한 향기를 가진 강발효차,https://github.com/JeonSoohyun27/nocchaloc_product_image_data/blob/main/tea/tea-4.png?raw=true,https://github.com/JeonSoohyun27/nocchaloc_product_image_data/blob/main/hover/hover-4.png?raw=true,1,50,0,,,1,2
일로와 50g(햇),170000,올해 봄에 채엽한 햇차,https://github.com/JeonSoohyun27/nocchaloc_product_image_data/blob/main/tea/tea-5.png?raw=true,https://github.com/JeonSoohyun27/nocchaloc_product_image_data/blob/main/hover/hover-5.png?raw=true,1,50,0,,,1,1
우전집 5입,25000,가장 먼저 딴 여린 차순을 말려낸 우전차입니다.,https://github.com/JeonSoohyun27/nocchaloc_product_image_data/blob/main/tea/tea-6.png?raw=true,https://github.com/JeonSoohyun27/nocchaloc_product_image_data/blob/main/hover/hover-6.jpg?raw=true,0,50,0,,,1,2
세작두(입차)30g,17000,어린 찻잎으로 만든 잎차,https://github.com/JeonSoohyun27/nocchaloc_product_image_data/blob/main/tea/tea-7.png?raw=true,https://github.com/JeonSoohyun27/nocchaloc_product_image_data/blob/main/hover/hover-7.jpg?raw=true,1,50,0,,,2,1
찬물녹지차 10입,8500,찬물에서 쉽게 우러나는 녹차 아이스티,https://github.com/JeonSoohyun27/nocchaloc_product_image_data/blob/main/tea/tea-8.png?raw=true,https://github.com/JeonSoohyun27/nocchaloc_product_image_data/blob/main/hover/hover-1.png?raw=true,0,50,0,,,2,3
세작두(잎차),40000,제주 차밭의 어린 찻잎으로 만든 차,https://github.com/JeonSoohyun27/nocchaloc_product_image_data/blob/main/tea/tea-9.png?raw=true,https://github.com/JeonSoohyun27/nocchaloc_product_image_data/blob/main/hover/hover-2.png?raw=true,1,50,0,,,2,1
덖음표차(잎차),12000,신선한 녹차입니다.,https://github.com/JeonSoohyun27/nocchaloc_product_image_data/blob/main/tea/tea-10.png?raw=true,https://github.com/JeonSoohyun27/nocchaloc_product_image_data/blob/main/hover/hover-3.png?raw=true,0,50,0,,,2,1
제주녹지차(티백),8800,부드럽고 깔끔한 맛의 녹차입니다.,https://github.com/JeonSoohyun27/nocchaloc_product_image_data/blob/main/tea/tea-11.png?raw=true,https://github.com/JeonSoohyun27/nocchaloc_product_image_data/blob/main/hover/hover-4.png?raw=true,0,50,0,,,2,3
세작두(피라미드),15000,제주 차밭의 어린 찻잎으로 만든 차,https://github.com/JeonSoohyun27/nocchaloc_product_image_data/blob/main/tea/tea-12.png?raw=true,https://github.com/JeonSoohyun27/nocchaloc_product_image_data/blob/main/hover/hover-5.png?raw=true,0,50,0,,,2,2
화산암반차(잎차),40000,구수한 풍미의 반발효차,https://github.com/JeonSoohyun27/nocchaloc_product_image_data/blob/main/tea/tea-13.png?raw=true,https://github.com/JeonSoohyun27/nocchaloc_product_image_data/blob/main/hover/hover-6.png?raw=true,0,50,0,,,2,1
홍기차(잎차),35000,제주 차밭의 어린 찻잎으로 만든 차,https://github.com/JeonSoohyun27/nocchaloc_product_image_data/blob/main/tea/tea-14.png?raw=true,https://github.com/JeonSoohyun27/nocchaloc_product_image_data/blob/main/hover/hover-7.png?raw=true,1,50,0,,,2,1
세작두 (피라미드),40000,올해 봄에 채엽한 햇차,https://github.com/JeonSoohyun27/nocchaloc_product_image_data/blob/main/tea/tea-15.png?raw=true,https://github.com/JeonSoohyun27/nocchaloc_product_image_data/blob/main/hover/hover-1.png?raw=true,1,50,0,,,2,2
억수로진(잎차),8800,올해 봄에 채엽한 햇차,https://github.com/JeonSoohyun27/nocchaloc_product_image_data/blob/main/tea/tea-16.png?raw=true,https://github.com/JeonSoohyun27/nocchaloc_product_image_data/blob/main/hover/hover-2.png?raw=true,1,50,0,,,2,1
화산암반차(피라미드),35000,어린 차싹의 형상을 간직한 명차입니다.,https://github.com/JeonSoohyun27/nocchaloc_product_image_data/blob/main/tea/tea-17.png?raw=true,https://github.com/JeonSoohyun27/nocchaloc_product_image_data/blob/main/hover/hover-3.png?raw=true,1,50,0,,,2,2
화산암반차(피라미드)2,35000,구수한 풍미의 반발효차,https://github.com/JeonSoohyun27/nocchaloc_product_image_data/blob/main/tea/tea-18.png?raw=true,https://github.com/JeonSoohyun27/nocchaloc_product_image_data/blob/main/hover/hover-4.png?raw=true,1,50,0,,,2,2
삼다지연(피라미드),40000,제주 차밭의 어린 찻잎으로 만든 차,https://github.com/JeonSoohyun27/nocchaloc_product_image_data/blob/main/tea/tea-19.png?raw=true,https://github.com/JeonSoohyun27/nocchaloc_product_image_data/blob/main/hover/hover-5.png?raw=true,1,50,0,,,2,2
삼다지연(잎차),25500,올해 봄에 채엽한 햇차,https://github.com/JeonSoohyun27/nocchaloc_product_image_data/blob/main/tea/tea-20.png?raw=true,https://github.com/JeonSoohyun27/nocchaloc_product_image_data/blob/main/hover/hover-6.png?raw=true,1,50,0,,,2,1
우롱하는차(티백),15000,제주 차밭의 어린 찻잎으로 만든 차,https://github.com/JeonSoohyun27/nocchaloc_product_image_data/blob/main/tea/tea-21.png?raw=true,https://github.com/JeonSoohyun27/nocchaloc_product_image_data/blob/main/hover/hover-7.png?raw=true,0,50,0,,,2,3
청우롱하다(피라미드),13000,구수한 풍미의 반발효차,https://github.com/JeonSoohyun27/nocchaloc_product_image_data/blob/main/tea/tea-22.png?raw=true,https://github.com/JeonSoohyun27/nocchaloc_product_image_data/blob/main/hover/hover-1.png?raw=true,0,50,0,,,2,2
화산암반차(잎차)2,8800,구수한 풍미의 반발효차,https://github.com/JeonSoohyun27/nocchaloc_product_image_data/blob/main/tea/tea-23.png?raw=true,https://github.com/JeonSoohyun27/nocchaloc_product_image_data/blob/main/hover/hover-2.png?raw=true,0,50,0,,,2,1
억수로아깝진(피라미드)10,17000,어린 차싹의 형상을 간직한 명차입니다.,https://github.com/JeonSoohyun27/nocchaloc_product_image_data/blob/main/tea/tea-24.png?raw=true,https://github.com/JeonSoohyun27/nocchaloc_product_image_data/blob/main/hover/hover-3.png?raw=true,0,50,0,,,2,2
화산암반차(피라미드)10,30000,올해 봄에 채엽한 햇차,https://github.com/JeonSoohyun27/nocchaloc_product_image_data/blob/main/tea/tea-25.png?raw=true,https://github.com/JeonSoohyun27/nocchaloc_product_image_data/blob/main/hover/hover-4.png?raw=true,0,50,0,,,2,2
홍기차(피라미드)10,23000,제주 차밭의 어린 찻잎으로 만든 차,https://github.com/JeonSoohyun27/nocchaloc_product_image_data/blob/main/tea/tea-26.png?raw=true,https://github.com/JeonSoohyun27/nocchaloc_product_image_data/blob/main/hover/hover-5.png?raw=true,0,50,0,,,2,2
청우롱하다(잎차),18000,어린 차싹의 형상을 간직한 명차입니다.,https://github.com/JeonSoohyun27/nocchaloc_product_image_data/blob/main/tea/tea-27.png?raw=true,https://github.com/JeonSoohyun27/nocchaloc_product_image_data/blob/main/hover/hover-6.png?raw=true,0,50,0,,,2,1
세작두(피라미드)20,22000,제주 차밭의 어린 찻잎으로 만든 차,https://github.com/JeonSoohyun27/nocchaloc_product_image_data/blob/main/tea/tea-28.png?raw=true,https://github.com/JeonSoohyun27/nocchaloc_product_image_data/blob/main/hover/hover-7.png?raw=true,0,50,0,,,2,2
세작두(잎차),40000,올해 봄에 채엽한 햇차,https://github.com/JeonSoohyun27/nocchaloc_product_image_data/blob/main/tea/tea-29.png?raw=true,https://github.com/JeonSoohyun27/nocchaloc_product_image_data/blob/main/hover/hover-1.png?raw=true,0,50,0,,,2,1
찬물녹차 * 3,34000,어린 차싹의 형상을 간직한 명차입니다.,https://github.com/JeonSoohyun27/nocchaloc_product_image_data/blob/main/tea/tea-30.png?raw=true,https://github.com/JeonSoohyun27/nocchaloc_product_image_data/blob/main/hover/hover-2.png?raw=true,1,50,0,,,2,3
덖음표차(잎차),5000,어린 차싹의 형상을 간직한 명차입니다.,https://github.com/JeonSoohyun27/nocchaloc_product_image_data/blob/main/tea/tea-31.png?raw=true,https://github.com/JeonSoohyun27/nocchaloc_product_image_data/blob/main/hover/hover-3.png?raw=true,1,50,0,,,2,1
세작두(잎차)2,30000,제주 차밭의 어린 찻잎으로 만든 차,https://github.com/JeonSoohyun27/nocchaloc_product_image_data/blob/main/tea/tea-32.png?raw=true,https://github.com/JeonSoohyun27/nocchaloc_product_image_data/blob/main/hover/hover-4.png?raw=true,1,50,0,,,2,1
세작두(잎차)9,23000,올해 봄에 채엽한 햇차,https://github.com/JeonSoohyun27/nocchaloc_product_image_data/blob/main/tea/tea-33.png?raw=true,https://github.com/JeonSoohyun27/nocchaloc_product_image_data/blob/main/hover/hover-5.png?raw=true,1,50,0,,,2,1
얼굴그레이(티백),22000,구수한 풍미의 반발효차,https://github.com/JeonSoohyun27/nocchaloc_product_image_data/blob/main/tea/tea-34.png?raw=true,https://github.com/JeonSoohyun27/nocchaloc_product_image_data/blob/main/hover/hover-6.png?raw=true,1,50,0,,,2,3
청우롱하다(피라미드)3,10000,제주 차밭의 어린 찻잎으로 만든 차,https://github.com/JeonSoohyun27/nocchaloc_product_image_data/blob/main/tea/tea-35.png?raw=true,https://github.com/JeonSoohyun27/nocchaloc_product_image_data/blob/main/hover/hover-7.png?raw=true,0,50,0,,,2,2
도라지층차(잎차)70g,35000,구수한 풍미의 반발효차,https://github.com/JeonSoohyun27/nocchaloc_product_image_data/blob/main/tea/tea-36.png?raw=true,https://github.com/JeonSoohyun27/nocchaloc_product_image_data/blob/main/hover/hover-1.png?raw=true,0,50,0,,,3,1
도라지층차(피라미드)8입,15000,올해 봄에 채엽한 햇차,https://github.com/JeonSoohyun27/nocchaloc_product_image_data/blob/main/tea/tea-37.png?raw=true,https://github.com/JeonSoohyun27/nocchaloc_product_image_data/blob/main/hover/hover-2.png?raw=true,0,50,0,,,3,2
캐캐모마일(피라미드)8입,15000,어린 차싹의 형상을 간직한 명차입니다.,https://github.com/JeonSoohyun27/nocchaloc_product_image_data/blob/main/tea/tea-38.png?raw=true,https://github.com/JeonSoohyun27/nocchaloc_product_image_data/blob/main/hover/hover-3.png?raw=true,0,50,0,,,3,2
도라지층차(피라미드)18입,23000,올해 봄에 채엽한 햇차,https://github.com/JeonSoohyun27/nocchaloc_product_image_data/blob/main/tea/tea-39.jpg?raw=true,https://github.com/JeonSoohyun27/nocchaloc_product_image_data/blob/main/hover/hover-4.png?raw=true,0,50,0,,,3,2
모로칸민트덕후티(피라미드)8입,15000,제주 차밭의 어린 찻잎으로 만든 차,https://github.com/JeonSoohyun27/nocchaloc_product_image_data/blob/main/tea/tea-40.jpg?raw=true,https://github.com/JeonSoohyun27/nocchaloc_product_image_data/blob/main/hover/hover-5.png?raw=true,1,50,0,,,3,2
캐캐모마일(잎차)16g,25000,올해 봄에 채엽한 햇차,https://github.com/JeonSoohyun27/nocchaloc_product_image_data/blob/main/tea/tea-41.jpg?raw=true,https://github.com/JeonSoohyun27/nocchaloc_product_image_data/blob/main/hover/hover-6.png?raw=true,0,50,0,,,3,1
모로칸민트덕후티(잎차)14g,20000,올해 봄에 채엽한 햇차,https://github.com/JeonSoohyun27/nocchaloc_product_image_data/blob/main/tea/tea-42.jpg?raw=true,https://github.com/JeonSoohyun27/nocchaloc_product_image_data/blob/main/hover/hover-7.png?raw=true,0,50,0,,,3,1
루이보스님 카라멜베리(피라미드)8입,15000,어린 차싹의 형상을 간직한 명차입니다.,https://github.com/JeonSoohyun27/nocchaloc_product_image_data/blob/main/tea/tea-43.png?raw=true,https://github.com/JeonSoohyun27/nocchaloc_product_image_data/blob/main/hover/hover-1.png?raw=true,0,50,0,,,3,2
루이보스님 퓨어 (피라미드) 8입,15000,어린 차싹의 형상을 간직한 명차입니다.,https://github.com/JeonSoohyun27/nocchaloc_product_image_data/blob/main/tea/tea-44.png?raw=true,https://github.com/JeonSoohyun27/nocchaloc_product_image_data/blob/main/hover/hover-2.png?raw=true,0,50,0,,,3,2
루이보스님 카라멜베리(피라미드)18입,23000,제주 차밭의 어린 찻잎으로 만든 차,https://github.com/JeonSoohyun27/nocchaloc_product_image_data/blob/main/tea/tea-45.png?raw=true,https://github.com/JeonSoohyun27/nocchaloc_product_image_data/blob/main/hover/hover-3.png?raw=true,1,50,0,,,3,2
캐캐모마일(피라미드)2입,4500,어린 차싹의 형상을 간직한 명차입니다.,https://github.com/JeonSoohyun27/nocchaloc_product_image_data/blob/main/tea/tea-46.png?raw=true,https://github.com/JeonSoohyun27/nocchaloc_product_image_data/blob/main/hover/hover-4.png?raw=true,0,50,0,,,3,2
루이보스님 퓨어(피라미드)2입,4500,제주 차밭의 어린 찻잎으로 만든 차,https://github.com/JeonSoohyun27/nocchaloc_product_image_data/blob/main/tea/tea-47.png?raw=true,https://github.com/JeonSoohyun27/nocchaloc_product_image_data/blob/main/hover/hover-5.png?raw=true,0,50,0,,,3,2
레드파파야블랙베리 18입,23000,어린 차싹의 형상을 간직한 명차입니다.,https://github.com/JeonSoohyun27/nocchaloc_product_image_data/blob/main/tea/tea-48.jpg?raw=true,https://github.com/JeonSoohyun27/nocchaloc_product_image_data/blob/main/hover/hover-6.png?raw=true,0,50,0,,,4,2
삼다연제주귤,23000,제주 차밭의 어린 찻잎으로 만든 차,https://github.com/JeonSoohyun27/nocchaloc_product_image_data/blob/main/tea/tea-49.png?raw=true,https://github.com/JeonSoohyun27/nocchaloc_product_image_data/blob/main/hover/hover-7.png?raw=true,0,50,0,,,4,2
레드파파야블랙베리 8입,15000,제주 차밭의 어린 찻잎으로 만든 차,https://github.com/JeonSoohyun27/nocchaloc_product_image_data/blob/main/tea/tea-50.png?raw=true,https://github.com/JeonSoohyun27/nocchaloc_product_image_data/blob/main/hover/hover-1.png?raw=true,0,50,0,,,4,2
웨딩블루티 18입,23000,올해 봄에 채엽한 햇차,https://github.com/JeonSoohyun27/nocchaloc_product_image_data/blob/main/tea/tea-51.png?raw=true,https://github.com/JeonSoohyun27/nocchaloc_product_image_data/blob/main/hover/hover-2.png?raw=true,0,50,0,,,4,2
달빛뛰기 20입,23000,구수한 풍미의 반발효차,https://github.com/JeonSoohyun27/nocchaloc_product_image_data/blob/main/tea/tea-52.png?raw=true,https://github.com/JeonSoohyun27/nocchaloc_product_image_data/blob/main/hover/hover-3.png?raw=true,0,50,0,,,4,2
웨딩블루티 10입,15000,제주 차밭의 어린 찻잎으로 만든 차,https://github.com/JeonSoohyun27/nocchaloc_product_image_data/blob/main/tea/tea-53.png?raw=true,https://github.com/JeonSoohyun27/nocchaloc_product_image_data/blob/main/hover/hover-4.png?raw=true,1,50,0,,,4,2
산초섬 20입,12000,어린 차싹의 형상을 간직한 명차입니다.,https://github.com/JeonSoohyun27/nocchaloc_product_image_data/blob/main/tea/tea-54.png?raw=true,https://github.com/JeonSoohyun27/nocchaloc_product_image_data/blob/main/hover/hover-5.png?raw=true,1,50,0,,,4,3
동백꽃,23000,제주 차밭의 어린 찻잎으로 만든 차,https://github.com/JeonSoohyun27/nocchaloc_product_image_data/blob/main/tea/tea-55.png?raw=true,https://github.com/JeonSoohyun27/nocchaloc_product_image_data/blob/main/hover/hover-6.png?raw=true,1,50,0,,,4,2
달빛뛰기 10입,15000,올해 봄에 채엽한 햇차,https://github.com/JeonSoohyun27/nocchaloc_product_image_data/blob/main/tea/tea-56.png?raw=true,https://github.com/JeonSoohyun27/nocchaloc_product_image_data/blob/main/hover/hover-7.png?raw=true,1,50,0,,,4,2
동백꽃 20입,10000, 붉고 진한 수색과 풍부한 향기를 가진 강발효차,https://github.com/JeonSoohyun27/nocchaloc_product_image_data/blob/main/tea/tea-57.png?raw=true,https://github.com/JeonSoohyun27/nocchaloc_product_image_data/blob/main/hover/hover-1.png?raw=true,1,50,0,,,4,3
난꽃향블루티 10입,15000,어린 차싹의 형상을 간직한 명차입니다.,https://github.com/JeonSoohyun27/nocchaloc_product_image_data/blob/main/tea/tea-58.png?raw=true,https://github.com/JeonSoohyun27/nocchaloc_product_image_data/blob/main/hover/hover-2.png?raw=true,0,50,0,,,4,2
삼다연 제주귤 10입,15000,올해 봄에 채엽한 햇차,https://github.com/JeonSoohyun27/nocchaloc_product_image_data/blob/main/tea/tea-59.png?raw=true,https://github.com/JeonSoohyun27/nocchaloc_product_image_data/blob/main/hover/hover-3.png?raw=true,1,50,0,,,4,2
난꽃향블루티 20입,15000,어린 차싹의 형상을 간직한 명차입니다.,https://github.com/JeonSoohyun27/nocchaloc_product_image_data/blob/main/tea/tea-60.png?raw=true,https://github.com/JeonSoohyun27/nocchaloc_product_image_data/blob/main/hover/hover-4.png?raw=true,1,50,0,,,4,2
벚꽃향가득차 20입,23000,구수한 풍미의 반발효차,https://github.com/JeonSoohyun27/nocchaloc_product_image_data/blob/main/tea/tea-61.png?raw=true,https://github.com/JeonSoohyun27/nocchaloc_product_image_data/blob/main/hover/hover-5.png?raw=true,1,50,0,,,4,2
귤꽃향차 10입,15000,올해 봄에 채엽한 햇차,https://github.com/JeonSoohyun27/nocchaloc_product_image_data/blob/main/tea/tea-62.png?raw=true,https://github.com/JeonSoohyun27/nocchaloc_product_image_data/blob/main/hover/hover-6.png?raw=true,0,50,0,,,4,2
벚꽃향가득차 10입,15000,제주 차밭의 어린 찻잎으로 만든 차,https://github.com/JeonSoohyun27/nocchaloc_product_image_data/blob/main/tea/tea-63.png?raw=true,https://github.com/JeonSoohyun27/nocchaloc_product_image_data/blob/main/hover/hover-7.png?raw=true,0,50,0,,,4,2
달꽃이 바라보는 바다 10입,15000,어린 차싹의 형상을 간직한 명차입니다.,https://github.com/JeonSoohyun27/nocchaloc_product_image_data/blob/main/tea/tea-64.png?raw=true,https://github.com/JeonSoohyun27/nocchaloc_product_image_data/blob/main/hover/hover-1.png?raw=true,0,50,0,,,4,2
삼다꿀티 20입,8000, 붉고 진한 수색과 풍부한 향기를 가진 강발효차,https://github.com/JeonSoohyun27/nocchaloc_product_image_data/blob/main/tea/tea-65.png?raw=true,https://github.com/JeonSoohyun27/nocchaloc_product_image_data/blob/main/hover/hover-2.png?raw=true,0,50,0,,,4,3
유채꽃티 20입 ,9000,제주 차밭의 어린 찻잎으로 만든 차,https://github.com/JeonSoohyun27/nocchaloc_product_image_data/blob/main/tea/tea-66.png?raw=true,https://github.com/JeonSoohyun27/nocchaloc_product_image_data/blob/main/hover/hover-3.png?raw=true,0,50,0,,,4,3
미드스립나잇 10입,15000,구수한 풍미의 반발효차,https://github.com/JeonSoohyun27/nocchaloc_product_image_data/blob/main/tea/tea-67.png?raw=true,https://github.com/JeonSoohyun27/nocchaloc_product_image_data/blob/main/hover/hover-4.png?raw=true,1,50,0,,,5,2
뷰티라이프 10입,15000, 붉고 진한 수색과 풍부한 향기를 가진 강발효차,https://github.com/JeonSoohyun27/nocchaloc_product_image_data/blob/main/tea/tea-68.png?raw=true,https://github.com/JeonSoohyun27/nocchaloc_product_image_data/blob/main/hover/hover-5.png?raw=true,0,50,0,,,5,2
포레스트블리딩 10입,15000,올해 봄에 채엽한 햇차,https://github.com/JeonSoohyun27/nocchaloc_product_image_data/blob/main/tea/tea-69.png?raw=true,https://github.com/JeonSoohyun27/nocchaloc_product_image_data/blob/main/hover/hover-6.png?raw=true,0,50,0,,,5,4
가루녹차분 30g,10000,어린 차싹의 형상을 간직한 명차입니다.,https://github.com/JeonSoohyun27/nocchaloc_product_image_data/blob/main/tea/tea-70.png?raw=true,https://github.com/JeonSoohyun27/nocchaloc_product_image_data/blob/main/hover/hover-7.png?raw=true,0,50,0,,,6,2
블루티라떼더블샷 10입,12000,구수한 풍미의 반발효차,https://github.com/JeonSoohyun27/nocchaloc_product_image_data/blob/main/tea/tea-71.png?raw=true,https://github.com/JeonSoohyun27/nocchaloc_product_image_data/blob/main/hover/hover-1.png?raw=true,0,50,0,,,6,3
삼다연커스텀밀크티 10입,12000,제주 차밭의 어린 찻잎으로 만든 차,https://github.com/JeonSoohyun27/nocchaloc_product_image_data/blob/main/tea/tea-72.png?raw=true,https://github.com/JeonSoohyun27/nocchaloc_product_image_data/blob/main/hover/hover-2.png?raw=true,0,50,0,,,6,4
프리미엄녹차 40g,23000,올해 봄에 채엽한 햇차,https://github.com/JeonSoohyun27/nocchaloc_product_image_data/blob/main/tea/tea-73.png?raw=true,https://github.com/JeonSoohyun27/nocchaloc_product_image_data/blob/main/hover/hover-3.png?raw=true,0,50,0,,,6,2
삼다연제주귤밀크티 10입,12000,어린 차싹의 형상을 간직한 명차입니다.,https://github.com/JeonSoohyun27/nocchaloc_product_image_data/blob/main/tea/tea-74.png?raw=true,https://github.com/JeonSoohyun27/nocchaloc_product_image_data/blob/main/hover/hover-4.png?raw=true,0,50,0,,,6,2
가루발효 30g,13000, 붉고 진한 수색과 풍부한 향기를 가진 강발효차,https://github.com/JeonSoohyun27/nocchaloc_product_image_data/blob/main/tea/tea-75.png?raw=true,https://github.com/JeonSoohyun27/nocchaloc_product_image_data/blob/main/hover/hover-5.png?raw=true,1,50,0,,,6,1
녹차스틱 5입,10000,어린 차싹의 형상을 간직한 명차입니다.,https://github.com/JeonSoohyun27/nocchaloc_product_image_data/blob/main/tea/tea-76.png?raw=true,https://github.com/JeonSoohyun27/nocchaloc_product_image_data/blob/main/hover/hover-6.png?raw=true,0,50,0,,,6,1
러블리박스,50000, 붉고 진한 수색과 풍부한 향기를 가진 강발효차,https://github.com/JeonSoohyun27/nocchaloc_product_image_data/blob/main/tea/tea-77.png?raw=true,https://github.com/JeonSoohyun27/nocchaloc_product_image_data/blob/main/hover/hover-7.png?raw=true,1,50,0,,,7,1
티컬렉션,40000,올해 봄에 채엽한 햇차,https://github.com/JeonSoohyun27/nocchaloc_product_image_data/blob/main/tea/tea-78.png?raw=true,https://github.com/JeonSoohyun27/nocchaloc_product_image_data/blob/main/hover/hover-1.png?raw=true,0,50,0,,,7,1
메모리세트,30000,어린 차싹의 형상을 간직한 명차입니다.,https://github.com/JeonSoohyun27/nocchaloc_product_image_data/blob/main/tea/tea-79.png?raw=true,https://github.com/JeonSoohyun27/nocchaloc_product_image_data/blob/main/hover/hover-2.png?raw=true,0,50,0,,,7,1
메인블렌드,45000,어린 차싹의 형상을 간직한 명차입니다.,https://github.com/JeonSoohyun27/nocchaloc_product_image_data/blob/main/tea/tea-80.jpg?raw=true,https://github.com/JeonSoohyun27/nocchaloc_product_image_data/blob/main/hover/hover-3.png?raw=true,0,50,0,,,7,2
시크릿스토리,52000, 붉고 진한 수색과 풍부한 향기를 가진 강발효차,https://github.com/JeonSoohyun27/nocchaloc_product_image_data/blob/main/tea/tea-81.png?raw=true,https://github.com/JeonSoohyun27/nocchaloc_product_image_data/blob/main/hover/hover-4.png?raw=true,0,50,0,,,7,2
제주세트5종,23000,제주 차밭의 어린 찻잎으로 만든 차,https://github.com/JeonSoohyun27/nocchaloc_product_image_data/blob/main/tea/tea-82.png?raw=true,https://github.com/JeonSoohyun27/nocchaloc_product_image_data/blob/main/hover/hover-5.png?raw=true,1,50,0,,,7,2
컬렉션 5종,32000,올해 봄에 채엽한 햇차,https://github.com/JeonSoohyun27/nocchaloc_product_image_data/blob/main/tea/tea-83.png?raw=true,https://github.com/JeonSoohyun27/nocchaloc_product_image_data/blob/main/hover/hover-6.png?raw=true,0,50,0,,,7,3
녹차스프레드 세트,43000,어린 차싹의 형상을 간직한 명차입니다.,https://github.com/JeonSoohyun27/nocchaloc_product_image_data/blob/main/tea/tea-84.png?raw=true,https://github.com/JeonSoohyun27/nocchaloc_product_image_data/blob/main/hover/hover-7.png?raw=true,0,50,0,,,7,3
숲동화 3종세트,25000,구수한 풍미의 반발효차,https://github.com/JeonSoohyun27/nocchaloc_product_image_data/blob/main/tea/tea-85.jpg?raw=true,https://github.com/JeonSoohyun27/nocchaloc_product_image_data/blob/main/hover/hover-1.png?raw=true,0,50,0,,,7,3
햇살과 달빛,65000,제주 차밭의 어린 찻잎으로 만든 차,https://github.com/JeonSoohyun27/nocchaloc_product_image_data/blob/main/tea/tea-86.jpg?raw=true,https://github.com/JeonSoohyun27/nocchaloc_product_image_data/blob/main/hover/hover-2.png?raw=true,0,50,0,,,7,4
티박스 6종,43000, 붉고 진한 수색과 풍부한 향기를 가진 강발효차,https://github.com/JeonSoohyun27/nocchaloc_product_image_data/blob/main/tea/tea-87.png?raw=true,https://github.com/JeonSoohyun27/nocchaloc_product_image_data/blob/main/hover/hover-3.png?raw=true,1,50,0,,,7,4
프리미엄 티 컬렉션 80입,23000,어린 차싹의 형상을 간직한 명차입니다.,https://github.com/JeonSoohyun27/nocchaloc_product_image_data/blob/main/tea/tea-88.png?raw=true,https://github.com/JeonSoohyun27/nocchaloc_product_image_data/blob/main/hover/hover-4.png?raw=true,1,50,0,,,7,4
일로와 60g,11000,올해 봄에 채엽한 햇차,https://github.com/JeonSoohyun27/nocchaloc_product_image_data/blob/main/tea/tea-89.png?raw=true,https://github.com/JeonSoohyun27/nocchaloc_product_image_data/blob/main/hover/hover-5.png?raw=true,1,50,0,,,7,2
돈길만 걸어요,23000,올해 봄에 채엽한 햇차,https://github.com/JeonSoohyun27/nocchaloc_product_image_data/blob/main/tea/tea-90.png?raw=true,https://github.com/JeonSoohyun27/nocchaloc_product_image_data/blob/main/hover/hover-6.png?raw=true,1,50,0,,,7,2
핑크띠세트,43000,어린 차싹의 형상을 간직한 명차입니다.,https://github.com/JeonSoohyun27/nocchaloc_product_image_data/blob/main/tea/tea-91.png?raw=true,https://github.com/JeonSoohyun27/nocchaloc_product_image_data/blob/main/hover/hover-7.png?raw=true,1,50,0,,,7,2
달빛언덕 ,22000,올해 봄에 채엽한 햇차,https://github.com/JeonSoohyun27/nocchaloc_product_image_data/blob/main/tea/tea-92.png?raw=true,https://github.com/JeonSoohyun27/nocchaloc_product_image_data/blob/main/hover/hover-1.png?raw=true,1,50,0,,,7,3
달빛뛰기,33000,올해 봄에 채엽한 햇차,https://github.com/JeonSoohyun27/nocchaloc_product_image_data/blob/main/tea/tea-93.png?raw=true,https://github.com/JeonSoohyun27/nocchaloc_product_image_data/blob/main/hover/hover-2.png?raw=true,0,50,0,,,7,3
동백꽃 곶자왈 ,9000,어린 차싹의 형상을 간직한 명차입니다.,https://github.com/JeonSoohyun27/nocchaloc_product_image_data/blob/main/tea/tea-94.png?raw=true,https://github.com/JeonSoohyun27/nocchaloc_product_image_data/blob/main/hover/hover-3.png?raw=true,0,50,0,,,7,3
벚꽃올레,10000,올해 봄에 채엽한 햇차,https://github.com/JeonSoohyun27/nocchaloc_product_image_data/blob/main/tea/tea-95.png?raw=true,https://github.com/JeonSoohyun27/nocchaloc_product_image_data/blob/main/hover/hover-4.png?raw=true,0,50,0,,,7,3
레드파파야블루,23000,제주 차밭의 어린 찻잎으로 만든 차,https://github.com/JeonSoohyun27/nocchaloc_product_image_data/blob/main/tea/tea-96.png?raw=true,https://github.com/JeonSoohyun27/nocchaloc_product_image_data/blob/main/hover/hover-5.png?raw=true,1,50,0,,,7,2
꿀뱃살 티,40000,구수한 풍미의 반발효차,https://github.com/JeonSoohyun27/nocchaloc_product_image_data/blob/main/tea/tea-97.jpg?raw=true,https://github.com/JeonSoohyun27/nocchaloc_product_image_data/blob/main/hover/hover-6.png?raw=true,0,50,0,,,7,2
난꽃이야 티,23000,올해 봄에 채엽한 햇차,https://github.com/JeonSoohyun27/nocchaloc_product_image_data/blob/main/tea/tea-98.png?raw=true,https://github.com/JeonSoohyun27/nocchaloc_product_image_data/blob/main/hover/hover-7.png?raw=true,0,50,0,,,7,2
트로피컬 블루티,18000,어린 차싹의 형상을 간직한 명차입니다.,https://github.com/JeonSoohyun27/nocchaloc_product_image_data/blob/main/tea/tea-99.png?raw=true,https://github.com/JeonSoohyun27/nocchaloc_product_image_data/blob/main/hover/hover-1.png?raw=true,0,50,0,,,7,2
바나나차,10000000000,바나나를 건조시켜 분말화 시킨 뒤 우유에 타먹으면 바나나우유...,https://github.com/JeonSoohyun27/nocchaloc_product_image_data/blob/main/tea/tea-101.png?raw=true,https://github.com/JeonSoohyun27/nocchaloc_product_image_data/blob/main/hover/hover-8.png?raw=true,1,50,0,,,7,4